﻿{
  "version": "1.0.0",
  "name": "rest-express",
  "dependencies": {
    "drizzle-kit": {
      "version": "0.30.6",
      "resolved": "https://registry.npmjs.org/drizzle-kit/-/drizzle-kit-0.30.6.tgz",
      "overridden": false,
      "dependencies": {
        "esbuild-register": {
          "version": "3.6.0",
          "resolved": "https://registry.npmjs.org/esbuild-register/-/esbuild-register-3.6.0.tgz",
          "overridden": false,
          "dependencies": {
            "esbuild": {
              "version": "0.25.0"
            }
          }
        },
        "esbuild": {
          "version": "0.19.12",
          "resolved": "https://registry.npmjs.org/esbuild/-/esbuild-0.19.12.tgz",
          "overridden": false
        }
      }
    },
    "esbuild": {
      "version": "0.25.0",
      "resolved": "https://registry.npmjs.org/esbuild/-/esbuild-0.25.0.tgz",
      "overridden": false
    },
    "express-session": {
      "version": "1.18.1",
      "resolved": "https://registry.npmjs.org/express-session/-/express-session-1.18.1.tgz",
      "overridden": false,
      "dependencies": {
        "on-headers": {
          "version": "1.0.2",
          "resolved": "https://registry.npmjs.org/on-headers/-/on-headers-1.0.2.tgz",
          "overridden": false
        }
      }
    },
    "react-syntax-highlighter": {
      "version": "15.6.1",
      "resolved": "https://registry.npmjs.org/react-syntax-highlighter/-/react-syntax-highlighter-15.6.1.tgz",
      "overridden": false,
      "dependencies": {
        "prismjs": {
          "version": "1.30.0",
          "resolved": "https://registry.npmjs.org/prismjs/-/prismjs-1.30.0.tgz",
          "overridden": false
        },
        "refractor": {
          "version": "3.6.0",
          "resolved": "https://registry.npmjs.org/refractor/-/refractor-3.6.0.tgz",
          "overridden": false,
          "dependencies": {
            "prismjs": {
              "version": "1.27.0",
              "resolved": "https://registry.npmjs.org/prismjs/-/prismjs-1.27.0.tgz",
              "overridden": false
            }
          }
        }
      }
    },
    "tailwindcss": {
      "version": "3.4.14",
      "resolved": "https://registry.npmjs.org/tailwindcss/-/tailwindcss-3.4.14.tgz",
      "overridden": false,
      "dependencies": {
        "sucrase": {
          "version": "3.35.0",
          "resolved": "https://registry.npmjs.org/sucrase/-/sucrase-3.35.0.tgz",
          "overridden": false,
          "dependencies": {
            "glob": {
              "version": "10.4.5",
              "resolved": "https://registry.npmjs.org/glob/-/glob-10.4.5.tgz",
              "overridden": false
            }
          }
        }
      }
    },
    "tsx": {
      "version": "4.20.3",
      "resolved": "https://registry.npmjs.org/tsx/-/tsx-4.20.3.tgz",
      "overridden": false,
      "dependencies": {
        "esbuild": {
          "version": "0.25.0"
        }
      }
    },
    "vite": {
      "version": "5.4.19",
      "resolved": "https://registry.npmjs.org/vite/-/vite-5.4.19.tgz",
      "overridden": false,
      "dependencies": {
        "esbuild": {
          "version": "0.21.5",
          "resolved": "https://registry.npmjs.org/esbuild/-/esbuild-0.21.5.tgz",
          "overridden": false
        }
      }
    }
  }
}

